CA, https://www.pathmentalhealth.com/online-therapy/ca/san-diego/

CA, https://www.pathmentalhealth.com/online-therapy/ca/pasadena/

CA, https://www.pathmentalhealth.com/online-therapy/ca/santa-monica/

CA, https://www.pathmentalhealth.com/online-therapy/ca/san-francisco/

CA, https://www.pathmentalhealth.com/online-therapy/ca/san-jose/

CA, https://www.pathmentalhealth.com/online-therapy/ca/irvine/

CA, https://www.pathmentalhealth.com/online-therapy/ca/pasadena/

CA, https://www.pathmentalhealth.com/online-therapy/ca/burbank/

CA, https://www.pathmentalhealth.com/online-therapy/ca/oakland/

CA, https://www.pathmentalhealth.com/online-therapy/ca/costa-mesa/

CA, https://www.pathmentalhealth.com/online-therapy/ca/beverly-hills/

CA, https://www.pathmentalhealth.com/online-therapy/ca/culver-city/

CA, https://www.pathmentalhealth.com/online-therapy/ca/san-mateo/

CA, https://www.pathmentalhealth.com/online-therapy/ca/berkeley/

CA, https://www.pathmentalhealth.com/online-therapy/ca/mill-valley/

CA, https://www.pathmentalhealth.com/online-therapy/ca/north-hollywood/

CA, https://www.pathmentalhealth.com/online-therapy/ca/el-segundo/

CA, https://www.pathmentalhealth.com/online-therapy/ca/palo-alto/

CA, https://www.pathmentalhealth.com/online-therapy/ca/san-ramon/

CA, https://www.pathmentalhealth.com/online-therapy/ca/manhattan-beach/

CA, https://www.pathmentalhealth.com/online-therapy/ca/newport-beach/

CA, https://www.pathmentalhealth.com/online-therapy/ca/emeryville/

CA, https://www.pathmentalhealth.com/online-therapy/ca/glendale/

CA, https://www.pathmentalhealth.com/online-therapy/georgia/

HI, ttps://www.pathmentalhealth.com/online-therapy/hawaii/

NC, https://www.pathmentalhealth.com/online-therapy/north-carolina/

OH, https://www.pathmentalhealth.com/online-therapy/ohio/

TX, https://www.pathmentalhealth.com/online-therapy/texas/